student_id,name,dob,email,uni,phone_number,date_registered,registered_disabilities,available_accommodations,courses,deadlines_dates
ff938993-66b2-4f2a-89e6-2bb596e017ca,Bradley Ball,2000-01-25,fcortez@example.net,229467,604.776.3338,2020-08-11,Vision Impairment,Note Taker,4527c0fb-ea93-48f3-9121-3e226d7693b6,3d98e486-7d5a-405d-8382-85c1b492eb95
da5c5067-c944-4121-a4f7-03d11a5d9f71,Christian Juarez,1997-12-12,jessicawright@example.net,551522,(655)417-6215,2022-02-19,ADHD,Braille Materials,2a6e0242-1576-4fe2-a373-1a35719099fe;9b0258b6-4300-4204-b32c-232f14742f7d,0b70abe2-671b-42e3-bb41-7c702841db26
102eaca1-f970-4dc0-b297-daa7795f9b26,Paula Myers,2000-10-29,robertslauren@example.com,655486,398-373-7201,2022-02-09,Hearing Impairment,Quiet Room,9032aee4-da3e-4dc0-b457-022341dfba3e;f73b3262-5615-42c4-8423-9d8be78de1e9,85c4ef72-06ba-4be0-8d10-6487828bfaa6
39918e90-5935-4e76-a80a-40ec472d4ad3,Tara House,1995-03-21,fdouglas@example.net,866870,245.597.5892x798,2020-12-14,Dyslexia,Braille Materials,3fef1cfb-3f1a-4355-af37-d2f5ff4143e7;d549329d-61ee-490c-923d-68b0202eecab,2745db07-500c-4c7d-b899-936f93ebc0ff
01859f0a-c4db-4c1d-8a25-7def9ca8deae,Christine Blair,1997-11-15,petersmith@example.net,858548,724.438.9986x7678,2020-03-07,Hearing Impairment,Note Taker,f324489d-bec1-4727-a434-dd2b66715b65,1a5f5fe9-670c-429c-bdec-2fbd36661ec0;7d222bb8-9a6c-4788-a9ed-799d6d1ba440;eba56eea-c18a-4ee2-b627-fb1896ae2a5c
eccad236-d866-488f-8863-7748ac7a9d99,Alyssa Ford,2000-10-03,robersonandrew@example.net,745032,(755)984-2527,2021-01-15,Vision Impairment,Extended Time,e0e65e91-770c-4059-a66a-6143a66dbde9;31b67b47-c8b3-4885-a80b-90cb27e03bf0;4890e5d5-5c35-4452-84b0-10ad6f9ea4a9,b544c3ff-5334-470c-ac30-56b5f37b2ba1;27511a90-ba6d-4092-a022-1668fac3b40c
ec69cb7f-1cfa-49cd-824d-3328f0a7fa97,Misty Walker,2002-04-26,wernercolin@example.org,488966,530.440.9643,2024-04-26,ADHD,Quiet Room,a744cb27-1b9e-4381-b854-0d471b13f386;4d30957a-2e51-4391-82b0-306b6a14a5d4,1c77ce30-c18d-46f2-a7b0-92f99dd747ad;0f8f2d40-6a9a-4c68-9531-9ebfebba09ac
16bf0aef-af7c-415d-b1e1-52dc6dcdc3fd,James Jackson,1999-09-22,ramoscody@example.org,181054,414-454-8801,2022-03-16,,Note Taker,b0082fb8-abec-456e-98de-157ef4f92b1d,a56563b0-3fe2-4ba0-838c-af9ef81e5355;09d4f665-e7e6-43c8-990a-82b6dea01781;b533e5dc-3880-4314-8b90-f806bc6b5301
28c65ccd-a255-4fd6-b0e9-8a9ab58f985d,William Love,2004-04-15,wbell@example.com,560764,(477)677-1294,2024-02-28,ADHD,Braille Materials,321b9069-d3e8-4039-b05e-3bda47960009;24a8c8ab-3b5b-4b2f-8ca0-ab9246561737,420e9012-370d-4e7b-8d08-d3c323e321f4
59ac17bf-e8bc-4003-bf8c-ae0e7c26f226,Christopher Torres,1999-12-29,christysantiago@example.org,677431,(305)328-9213x3747,2021-08-05,Dyslexia,Quiet Room,f8153d94-4817-4475-a73f-fa31843179b4;0a61b6ac-fd97-4127-a89c-ecdcdafc6e7f;83023df3-9dd1-4316-92ce-cfede80e131f;c50081db-9632-43bc-a161-823d044c9802;26ad8cd3-1182-4f42-b53e-1fc1572a0836,5ca7f606-d7b0-4011-bf33-22eb3d0273f7;d065990d-66e6-4f1e-9712-280e15894664
8f342ef7-3957-4d0e-875e-f9aeec8a0021,Victoria Hamilton,1995-07-26,michaelowens@example.net,854794,(731)374-2026,2022-08-16,ADHD,Note Taker,8ae87cd2-1788-4607-af30-1d58ca5330ec;a4a678ae-1427-4852-9600-2fd204277291;f18afb89-8f67-4d6f-aeb8-8d68449289f4,f0a3b8a0-d35b-42bf-8018-f9719f6bbae5;3cd24ec6-25b2-4547-987b-1cea2e81c5ce;cf8125d9-2fd1-4904-a74d-c6a7f5d442d9
755c7e7c-94c0-4b0d-87ab-1a5611dd8d43,Jeremy Garcia,2000-11-16,lromero@example.com,388571,+1-854-973-6487x0544,2023-09-15,,Quiet Room,ee6e425e-38b7-4748-8d08-684691b33a6c;692fe013-374e-4c79-8c17-ac5f67314a74;63a9e4e0-5828-47ea-a2c7-3c9565403666;c5328948-e81d-4251-9edf-e00728ccc798,1c6a0c9d-563e-4336-8516-c33e343d3c1e
cb1250b6-5255-403d-9833-db542ae78f65,Kristen Ramirez,2000-09-20,lpark@example.org,176824,745.656.0421x5422,2021-06-21,Dyslexia,Extended Time,a17329fe-83c5-444b-9093-2b84e047e02c;a1639735-6984-42d0-ac6d-7595b4d5a16f;4b3bf6e2-8d5e-48ec-9298-c9f0d72202ae;67ce6f52-0432-481a-a860-ce361efaffe3,c2b4a6d4-23e4-4b8b-884f-a4338e4e0bd0
67d72411-9cae-4ea1-8731-7beb9ea805f7,Scott Choi,2004-07-15,sanchezcatherine@example.net,903483,(668)949-6096x3715,2022-04-15,Hearing Impairment,Extended Time,0113b212-d866-4286-b075-d780134a6334;ca10c9af-b72c-4d29-beac-5aaa71d413b7;4ed41d9e-4dd8-40d4-a010-1c4d2756a00e;c533def0-d6ab-4628-84d7-829216870f3a;eb57da60-b63f-4882-a4e7-2d179a914d76,271df9b7-0b3e-4f48-bf82-036fcadb2857
8f03f088-513f-4935-a118-c42b434e04f3,Robert Russell,2001-08-05,caseyshannon@example.com,630373,844-969-9451,2020-05-27,Dyslexia,Quiet Room,fd761401-0fce-4f79-bc77-1964f7398ba3,b82e60c1-e7d3-49b5-81aa-d1aa3a68bfca;2a615eab-225d-4d4e-94c1-efabf4691cb6
42ddf0a6-d7b1-4709-98ee-19a2e4f86ac3,Alan Johnson,1994-07-14,rachaeltran@example.com,170473,3306344449,2024-10-25,,Extended Time,d50719e3-78a2-43aa-9f09-78548ea11a63;e1d6ff38-f17d-4117-a96a-9f5c314f21eb,5c9136c1-eb9d-44e4-8457-2072b1b1c211;4c753e1e-c7a2-4632-ab25-aeb09c4f9f4e;217f3f8b-bbac-470c-8bd4-0f9d2bd83710
674c5e5c-4ce9-488a-9912-22a10644e012,Eric Singleton,2005-11-04,margarethill@example.com,697843,(937)489-1597,2020-06-02,Dyslexia,Quiet Room,543607b5-3972-4309-9653-8327bbaba9f4,1490e459-f542-427e-a496-50b1cdb3c3c7;32f7bd00-9a92-402e-968a-167ac6f3a29a;39d2c975-e44c-4c68-a032-b952eb70718b
9d1225ce-5a0e-4ceb-8a05-c9c01ec7ffeb,Donald Washington,2001-12-05,dana79@example.com,595583,001-669-431-1792x03246,2020-06-17,Vision Impairment,Quiet Room,39f0ca1a-0f71-4edd-8db9-b9233cc75337;b54427a0-ea89-4322-9d3b-04ab441d6315;85642bfd-6f93-46fc-b2cb-899aefebcb4f,827c1f50-4505-47a0-9bc5-e6580c17a1f4;b76ce014-2580-47bf-9f7a-3f739c22e786
064a459a-ed80-495e-ae7a-39cdb4ea3c6c,Mr. Andres Anderson MD,1994-12-13,treynolds@example.com,765084,+1-698-371-6126x88029,2023-09-01,Hearing Impairment,Braille Materials,dc8b8721-11d2-4272-b43b-ecb7285b57d8,801b64de-f303-49ea-a18a-f992f6683046
cec8a12b-5633-4e5e-adef-d87c3ef046fd,Patrick Henry,2005-03-30,andersonpatrick@example.net,797629,001-762-477-5059,2024-02-02,Vision Impairment,Quiet Room,73e05056-09a8-4fba-9888-1d208b5c267f;5239385f-f76d-4837-828c-3d155e45d2c3;64eb8ef1-8feb-426d-b652-8f5075c34236;df81ffd0-bd7c-4e5f-94fe-1fb117de5c52,cbf9aaff-1338-4cd0-82ae-07af3b8af99a;42cd3101-0594-4a9a-8926-31372381d1ec
f5f3eb4e-d092-4045-88f0-84d8aa711ad5,Johnny Moore,2002-02-05,leslie25@example.net,485795,+1-511-710-5840,2020-01-13,,Braille Materials,7856a319-cfba-4fa3-a8a3-8dcc22d64520;66881cf2-20f6-4190-99d3-2848e07dfe4c;ee72b47f-1cf8-48aa-b118-f0b15638d55d;2ee747b9-b4e9-4556-9ba4-b2fee92bddff;21cb69ac-2fcf-4a9e-b1bd-c8f1424835d0,e3c30933-2f94-4763-a4c1-be8aefcaf3e0;977ecf21-1e34-4e48-b364-5539961e5b8e
aa47381e-47d8-419f-b716-fcd744ce86a8,Lindsay Smith,2005-01-16,santosscott@example.net,210395,966-931-6794,2024-06-30,Vision Impairment,Braille Materials,46c693e8-95a5-40b7-954d-20760a678c0d;5c0296e1-54ea-4c16-a581-7bdd89512ec8;b732d4e2-8d7f-489d-9e5f-50502cc8bea2;3f7616dc-f654-4c2d-9c82-330e6478da50;1ee81e59-e0ab-4cce-b028-962490234311,eafed4c1-8028-4209-a625-390b73dae22d;700a58a7-e4d5-43e5-a715-50b743fbf15e
99e303b8-4832-4c3f-8924-cad7f54d2ce7,Jeremy Watkins,1999-12-02,swilkerson@example.net,908149,5405061801,2023-03-15,Vision Impairment,Extended Time,81b30fd0-2e33-4209-bf7b-6e78f217850f,1a70017e-005d-44be-8219-91cd02c45fdf;35ba8d90-3deb-4541-8824-2fd7d9e81637
a4724923-c2b5-4e80-8c36-b4ec2ea79aee,Angela Miller,2002-08-17,victoria59@example.net,431296,(579)228-7059,2024-07-06,Vision Impairment,Extended Time,20c9cd5b-5be5-4bc7-956d-f5ce9df3972d;9069ed5d-b0cf-475b-b787-5529f98a52b2,46aaa79f-c983-42e1-b302-db659f8f28b3;d0ddb354-19a2-466c-b877-b5d5c4f86bb2
948762b7-d8c5-44c8-91cc-cd77b52670ff,Pamela Jordan,2003-06-11,lsandoval@example.com,358043,768.741.9197x509,2023-05-25,Vision Impairment,Note Taker,15a44a51-2801-4193-9089-c3327f21a82b;967c9500-d4b6-4ac2-a7bc-733d111071cf;40c2a4ae-547f-48fa-8661-bf64ce76d52b;4bb9e2d3-72fc-4378-a968-bcf331863a61;0e736f2e-99ae-43ed-90a3-89608bfcf930,27bea600-dc70-4f02-aef6-bf2b82b48044;9946692e-1238-4237-a2ac-61468a8cc6bd
baa83541-3a6c-4c2b-916a-48a8a7a873a7,Lisa Turner,2005-11-22,lejessica@example.com,402408,001-723-603-1602x218,2024-07-31,Dyslexia,Quiet Room,ddb4527b-42e1-41a2-909e-33c5bb99524b,3a90a231-5f4b-4871-8e55-7edc1a1b5fca;cdcce7c9-a980-4e9c-8beb-385fe7b67d7c;3e777acc-501d-4bc7-a50e-d092cd5c717b
6dc65211-0093-443a-8e3c-c0c4bc348bb2,Devin Sullivan,2004-08-11,edward04@example.com,302334,917-371-6200,2022-04-30,ADHD,Quiet Room,a4dd273b-f575-493a-8a48-49397300d520;631527a9-9406-4a7b-9b88-3984dcb18645;cb406c79-b843-4eb5-b554-a0e930ae1d26;c337bf85-c80c-4201-8bb9-fb6672857e80;fce262ad-2e05-4a69-9ed7-3bc766257b72,dc14edb6-2ec8-406c-b03c-9b6f5b551e8d;f59e9b46-5adf-4459-a64f-a88121a3770f
97a9fc73-da08-456e-aaf7-5a93f4370996,Henry Elliott,2000-12-25,johnsondenise@example.net,275283,001-557-674-1764x30500,2022-07-26,Hearing Impairment,Note Taker,09f5167e-86ef-447a-b955-4890dda8b437;281c6728-7de3-443a-9a43-95e4f4d93c4a;34a76557-7e19-41e8-9a5e-d31befc7c7e4,a82d9a79-b928-4cf9-8e5c-169ad7130f62
28316cc6-3ff0-4517-9759-9e193882e39c,Catherine Simpson MD,2001-04-15,sarahpowell@example.net,431409,001-603-582-3998,2024-10-30,Hearing Impairment,Extended Time,9a76c242-59d4-4231-8969-308ca5f39826;7a73dad5-d435-4a0a-a993-19bb2fcc7e01;02d5b0de-011c-4bd1-88f9-936c5994ee1d;19019a7a-95e2-4c51-9f85-3e349ecf0958;3fd8e45e-12f9-4a59-9d63-109f404fa103,0d527515-5d70-4907-a0b2-187b4d792b2b;f8232deb-5a97-46c3-909d-58449d6d1e30
2e54ac2c-3e4e-4aca-aebe-58441d4e48f5,Maria Leon,2001-11-18,treyes@example.com,602311,001-289-301-8620x1216,2021-08-06,,Extended Time,e7026af5-368d-49a0-ba1b-b1804a44ad01;93eca107-7f4a-46ec-b89b-1510f6ed97f5;f1495cf7-6251-44af-b5a5-818ec0d4c1d6,68afdc36-f086-4d2a-8fd8-d9413450fed4;f2dd7e1f-3875-4f00-a8aa-002f4f494df1;6b25d518-7043-44a8-aa9c-3139c81b27b2
ca72d714-507a-4f21-a3d7-32f65a9a2bd9,Sarah Winters,1999-10-19,gsantiago@example.com,430595,343-958-3126x5897,2025-02-03,ADHD,Note Taker,cadb0be0-6c84-4a9c-a83a-8264dfd4ce8b;a5a198f0-966f-4def-8b8f-5c629929a677,e5a1cd7d-4a45-42fb-9c3e-cf757e3e9235
783a8f0b-f163-4a66-9134-d4cfb2fc9286,Julie Rangel,2005-09-06,brandonrice@example.com,603416,+1-596-424-6305x286,2023-05-25,Hearing Impairment,Note Taker,096362a8-5736-4ec6-b3c9-e286cef0c041;b5847bd3-4459-4d86-8fc2-7553ee06ce1a;a56db268-fb64-4940-ac6a-57e7fe113afe;9f95b314-c8f5-4709-9ac4-716968ec1111;e7b82cde-fde7-475b-886a-817d79742727,688c3609-cbf7-4667-9fec-cbc69689f754;78893688-ba8d-4666-95b1-e5587ba87fe4;3fa51bb0-4249-49a9-8190-d6716987fc8e
1e47ec1c-b0ea-4537-baad-1e6e1e342b34,Matthew English,2002-11-24,sanchezdavid@example.org,592708,9787551161,2025-02-01,Vision Impairment,Braille Materials,478a5ed4-612a-4725-a51e-5f65b5548d1f;150c5a6f-d211-4bf0-9cd1-a79adb223f28;e1e454d1-bf0b-4e87-87eb-4949fdff47bc;b368cae9-8f8a-47e6-9be7-005732c0c1c0,ad224aa0-eaba-47bb-a357-52234b766c52;d9095441-467b-406c-807f-e08f9ebdf53d;b831ef52-7b43-4ba3-9967-8e3f7b5d2640
b396547e-987c-4f51-b738-979d7261c054,Seth Lang,2002-09-22,cohenvirginia@example.com,459926,706.726.3847,2023-12-10,ADHD,Note Taker,74018fe1-95a7-4991-96e4-a04935c91868,60c15e25-53c3-4e47-b0c1-23bd537608c1;a8010a14-feef-4d3b-bc08-11159f8993cb;50e56cf0-f36f-4d7d-a346-ad81b45828ef
6846f633-13c0-488f-8732-797cb3e710ce,Juan Garcia,2005-04-25,laura63@example.org,488901,762-386-2124x934,2023-07-28,,Extended Time,2950c179-63ba-4f2a-b457-d7a99cd1b7ac,2c0a380b-d9a4-4eba-8443-8faa6b02fe2e;a23624bc-1982-4f78-8c54-c8693e629b96
0fc93db1-f755-4688-8c8d-abc408d861e7,Robert Hopkins,2006-12-26,raymond81@example.org,529447,(415)541-2627,2020-07-03,Dyslexia,Extended Time,dd47d108-16a2-42c4-8804-c4d86a7c01b4;a3e0779f-c6a8-40ff-b44a-f5070748b3a2,f883368a-d8ee-43db-80c3-4a2801fca02a
4771f61a-680d-4084-b0f4-c10bd5fd947c,Katelyn Mcgee,2004-06-11,shaneanderson@example.org,797330,001-238-894-4218x5413,2024-09-10,ADHD,Quiet Room,1bc10e36-5424-4193-ae22-a2f315e8bfcd;e3a58238-b7b9-41e2-8d93-da0c3cf005cb;16b0a855-62b7-4d90-9604-5b17784a2fa3;eb4401f6-d905-4977-96c5-606598d75783,8652b889-e038-43ca-8bb7-89cab284b77a;2297a9e4-58cb-44b8-acf5-699d54ba97d1
70fd42d8-9b00-4e0b-822a-c4cf0fb73d30,Ashley Fox,1998-03-14,johnburton@example.com,536033,547-366-4861,2023-03-08,Vision Impairment,Extended Time,63ecf47e-7aa0-4c0b-95ac-638ef011b671;33499b8a-804f-4060-9bc4-dd2af6133531;512e59b5-acad-4ade-8ef9-466d7107a022;c5af1334-2b32-43f7-a66d-54f6a195a090,09b7ed81-28d2-4813-9c63-73e1ca0ec28d;80863b5f-4dde-4f3b-aacc-7ce1ce9dcd20
7eda384f-8a5f-4021-bb08-985fbd9b5899,Jordan Rodriguez,2002-08-08,fowlerjennifer@example.net,615836,338-246-7766x1079,2023-07-16,Hearing Impairment,Braille Materials,5da176c2-6c51-4687-b299-d7475f829160;87c3c7c3-1851-42a1-bdee-5241fe6c4466;86b9b530-528c-4f05-8b95-41fef324cb48;a7ab42c2-e85f-41c0-a28d-4b5d9e42cc19,110a4e81-7e99-4c06-9036-a6c4ab64ab94;7ae07974-9b91-43e8-b1c9-8a5c94449277;a790d5a2-93dc-48ae-943c-f8361eff8d54
fd6a5751-7acd-4637-b5b6-1c9efd19b76b,Tasha Mcdowell,2002-08-25,bradyfrederick@example.com,911249,001-920-466-0423x927,2022-02-12,,Note Taker,554c6e0a-11cc-46c9-b5b3-d4fbe1655d52;d8b6d2f9-016e-49e3-8240-aa9b459530d9;6d363876-6b85-4cbe-96f0-d6a838c583ca;14c8cf7f-141f-4d92-aa38-cfd86c8b3581;1a424c9f-57fd-4bb5-81b0-627fd5a31c93,85150357-0deb-46df-968c-e8689817f27e;8a7e6efd-ac8b-4e3b-925d-8f0102f751dd;031e8119-ed63-47a9-92d8-ec45d00f2711
20a529b1-f39c-4295-a043-294abb82e540,Rodney Moses,2002-01-01,piercescott@example.net,105113,001-597-748-1198,2021-05-16,Dyslexia,Braille Materials,c997860b-0dea-4388-8987-99a6093268f5,27ad71f3-4529-478b-b09e-459524772e44;d778113f-4283-4670-831d-661313772f50;a77b106a-0c1a-4f49-8d36-54edbc7709c6
8bf1b55b-adeb-4fcd-9725-fd2d771f8b1e,Mary Lowe,1997-12-10,michaelcollins@example.net,797875,001-373-983-8974x53119,2020-03-30,Hearing Impairment,Quiet Room,544daaac-2264-416b-8a82-8ada82c7145e,520fe894-6ea3-4df1-a94a-8c0125cab175;0f98a15d-1b98-462a-8e55-b2e78ce14045;21d429c4-87e1-4427-bfcd-995b80ed4e31
4d0195ac-1122-42b8-be67-058ec7eed05d,Adam Baker,2004-04-27,whiteamanda@example.net,671441,742.924.5955,2022-10-11,ADHD,Braille Materials,7ffaa589-d3a4-44dc-bef8-750ee42cba2d;ca720a24-ec4d-45e6-987e-073433fe916e;255156cc-09db-4195-9fd2-dc51edc72c5c;93a6cd47-1d0d-47a9-b0a9-f5ea4bf38700,159f09e2-1951-413f-bbb6-73d1cbb2bc27;89ee235e-47e8-4c3d-9088-85f22a145599
2516613e-b753-4054-9d44-95fce0efd8cf,Elizabeth Garrison,2003-10-25,whernandez@example.org,316401,(767)318-4902x892,2021-02-15,Dyslexia,Quiet Room,43ed9814-0d35-4bc8-a929-93604bb29cfe;d697f0d3-81df-4c30-bd25-9cd40064e373;00242da8-68c8-44b5-b46f-6faed7e64d0d;a409bd18-2c58-497f-b8d6-e0d228f9ab3a,4b64788e-3a32-40f2-a9bf-89199c2f3929;3ed3ed1d-ccca-43f0-99e1-41d6432c9706;f1289e20-2e6b-45a0-818f-7cdd4ce51b92
9cd9b08a-e47f-4601-ac3e-225d4fe088c8,Dana Frey,2005-09-09,brandon43@example.org,161848,299.218.0001x166,2022-08-08,,Extended Time,dc98fcf6-b3dd-4ee7-95b2-ed27cf8a9b20;ba63583f-5e2e-4bda-87d5-d5ccbd9d967a;84ef8229-99fb-4bd9-98fd-e86047a7bf06,1cd6bd19-fed5-4bee-b9e4-3f2eaa44d2f5;fe763859-bad5-4bbd-87bc-5c220d8f335c;55610b27-1ba9-40c7-bd31-933431f60b89
85761dfd-4a3c-49aa-aaad-94d6f5547cce,Katrina Gomez,1994-08-15,rebecca27@example.net,467373,(746)725-9586,2024-06-22,Hearing Impairment,Braille Materials,0c7f3576-b448-4ee0-aaac-a7b65dc7a8f4;08e9e584-7243-4e3c-b322-427663b89f39,5773dc53-dfbd-4138-a5ce-e194e92e2f9e
812fdb4b-bd89-4c59-9ed9-7a44242918cf,Alexis Mcdaniel,2001-09-07,aedwards@example.org,729832,001-361-392-6946x11315,2020-01-20,,Braille Materials,b59d2604-08ac-4037-a8b9-b1d574bb4e4b;84ec20b6-6c0b-485b-be2f-7c079d35e624;ccee26eb-2e91-4769-9ab5-c265a596482f;c70eccf4-c7c1-4471-a85a-ee59678413b9;d796e694-1197-4b3b-bdcd-926e2d577e53,d9a6dcc1-9a89-4386-b2e9-c2ff3b83acad;99265c28-132e-4c76-8459-59dff7c03a9e
e466ca81-2076-4304-8dfe-c6a64466242f,Michelle Jones,2003-03-22,barajasmegan@example.org,483972,001-911-434-4100,2020-07-14,,Braille Materials,4ddc9a84-15af-46a2-b592-52806e5915ee;24fb117e-c41c-4ed3-ba08-3da0693c24d7,a6cf4f2a-3114-4a9e-8cbb-1209d7727cc2;c5b2c70a-db66-4a57-823b-77d13a4f9e98;8436aa50-8825-4dc3-b813-d2da21716f16
57fbb48b-2408-4be9-a776-964df59d7641,Sarah Holmes,1999-04-04,nroberts@example.org,302055,(447)602-4665x13025,2023-09-20,Hearing Impairment,Quiet Room,6dd16880-8545-42b4-83e5-f33264385a7c;5bc83198-22d9-4e28-93e1-cec7054867b7;f8e98564-7094-46c7-840e-26af8e43f5bd;379a5f76-3f05-4f91-ac23-7a15d9c2649f;ab122dcd-6e05-4112-ace7-48e811dd87e1,55036198-6e97-4875-9ac4-06f60a71e062;e083c204-b674-4980-aee0-e7b3c7d70796;7f8b7119-e749-4a7e-8299-94a6ffd0c9b9
0c08bc7e-b0e7-42a1-8c97-6eca9e4d6943,Corey Elliott,2000-06-10,alexabrown@example.org,815091,220-208-2277x02104,2022-01-15,Hearing Impairment,Quiet Room,c057cfc6-9752-40ed-a692-3107cd6fc5ba;5c90ae1b-cca1-4c55-86ec-3f9baacaabed,97af782b-1c6f-4673-883e-1c1fe8c72373;4700807f-7fb6-4409-a10b-6d9b5c0a4168;60316240-d78d-42e7-b8aa-5328b2590394
b96eaef2-6615-40f6-9bf6-b7f681ae152a,Miss Jacqueline Brown,2001-07-19,april05@example.org,178265,(746)578-2934x0733,2020-06-29,ADHD,Extended Time,b9e06bb9-0c08-4293-ac98-1e8c5b506ee2;487add13-4de5-4491-aaa9-7fa726479193,828163e1-c284-4aeb-abdf-95325c9c156e
22a1edc6-273c-4446-bcf9-60f4f64dd299,Michael Cooper,2001-10-07,burkegary@example.org,424462,+1-261-342-4595x79537,2023-01-13,Hearing Impairment,Quiet Room,c96e8464-626e-46cf-b9a3-c1f03ab334e0,46ce9529-b432-4378-9b93-80cf69466ddd
db3e63d3-27b4-4873-9a5e-fc83d47b5129,James Mccarty,2005-12-23,ujimenez@example.org,915556,+1-806-610-5694x40248,2021-11-27,ADHD,Braille Materials,e3219aa2-6f58-45ed-ab5d-4934efa69549;e7ab0e96-7d4c-438c-b319-75cac32de6ee;b2752c16-ad29-45d3-8549-9c42135724da;42c2aea9-6ce1-46b1-8d8b-d2b3af1411ca;034ebb74-98f7-4865-a3b3-230293223f4a,b23f1d5f-0015-499a-8159-d4db86027518;bddd1b30-9007-4f68-bbd2-6ec9d16b7598
558461df-ddac-4d89-9805-374e1d7b71ee,Thomas Lester,2005-09-05,morrownicholas@example.com,608624,(499)409-2900,2024-04-02,Vision Impairment,Note Taker,250bbddf-66cc-4e31-b022-ddc9572c84dc,4edd8e5b-c28d-4443-bad6-2797ed5186e6
f199666f-6127-451b-951e-cebc78b0fc1d,Brittany Boyd,2004-04-26,jeanettegreen@example.com,904294,923-766-7108x76995,2020-05-14,Dyslexia,Quiet Room,db205503-4785-4e98-afae-27b34d9772e5;fa34e992-eb8f-4140-8810-573d53de190f;0bf6dd08-6b61-429c-a422-79fd71f8178a;94854e9e-34d8-42cd-923b-9b595e23c1c5;bf5967e8-4bf1-4afa-b633-9bafa64b0b6f,4d3fca41-f4c9-40ce-9adf-70fbff3961e5
9b27c5e3-e101-44fb-96cf-5e59606792bc,Luis Jackson,1994-06-27,bacosta@example.org,430545,(477)663-2360x748,2020-09-07,Dyslexia,Extended Time,7d6ee58c-0bee-44c7-8899-89bd37d16d39;438f0b4d-cee2-400a-b597-534c0d3457c7;2a8ff7db-e31f-468c-a3b2-13e0506844d6;1ec14848-21aa-4d0e-874e-7b88e0695fcd;37de8247-484c-4a49-8417-3a48ed09e8a4,83668d52-7aa7-448a-9b50-b8e30a58fdaf
9d3b4d4f-9917-4b51-8809-416d1820d679,Joseph Larson,2003-02-15,amber53@example.com,896685,001-312-869-8422x2602,2024-04-14,,Quiet Room,901e0391-b1e0-45d3-b735-b8c290c316ea;28108b7d-567e-44b9-9896-e03ca991d70d;a2c161af-673e-4707-8f43-a84e3d18f8c7;2c67602a-9dba-4499-a63b-94892c53f03c;872614f5-da7c-4181-a56b-584796919614,5ba66aa9-0e1a-4ecc-a5b0-8ea40d6bf7cb
35719e51-b9d9-4355-ae7d-862e144c40c8,Brandon Mendez,1994-04-21,barreravickie@example.com,464112,860-253-7999,2022-05-29,ADHD,Extended Time,c4fcf7d5-2507-4baa-9aee-80effd8d106d;c0ae0822-aab5-4aad-8360-c4eb19aafb70;010d3d6c-4d9d-4143-95a6-a2269dcde46d,2000e65d-4203-4d96-bfce-67faf909fa16;c6d23dbb-47d4-4901-ab5e-fd0b2b3fd557
60a5ab2d-98b5-4f77-83d8-8a7b1caef83f,Jasmine Clark,2001-04-22,jamesevans@example.net,199329,(271)455-3127,2023-06-11,Vision Impairment,Extended Time,66ffdda3-8726-4db9-8402-3dfdd7b533ee,d97e9268-8c7a-4c8f-a93e-f9952e5d06c8;b91b0b58-a1cc-41ee-8bb1-42b2b36373e3
eb85ad2a-a937-4e29-8ba7-a7583bac2b7f,Kristine Johnson,1999-12-03,colleenbarnes@example.net,570594,699-789-1228x1898,2020-01-10,Hearing Impairment,Quiet Room,32a065a6-3fce-487e-bf4a-cbed35e56fef,468e589e-0cc3-4a18-9a19-c45b8cf9faa2;bdbe4503-e79f-492e-bf97-21e63b45bd4c;7c4cccec-0bd1-460f-bca5-97d54997828f
e255995d-e270-4e10-bfb5-5fd8a2af99a0,Austin Bell,1996-08-13,waltersstephanie@example.com,904407,280.545.3486,2023-06-24,,Note Taker,adcf67aa-785a-4a33-b078-d8637e263a3e,2ab6c8a3-25c3-4944-b080-7259d46ed09a;b88d0908-f547-47d9-9074-3da294861a3b
c0cee952-5d63-4f94-9c45-36ebfcf5e807,Nicole Patterson,2000-10-10,tomcasey@example.org,565709,001-787-707-8447x58005,2023-11-20,Vision Impairment,Braille Materials,729aa5b4-01f2-4d70-adbc-24c6dae24350;b7f4d6f0-d9e1-4afd-aed8-58c8b8d64202;e30fca19-48bf-4d19-a8e8-4f2f8ce5d6db;00854b3c-1316-478f-967f-0e26d13443c2;9e6be008-ebdd-4e38-8fc0-51e18517b973,def2adae-cb84-4653-8d0b-945a13d6c3ab;8d680283-6476-480a-88e0-8e510c01a8ac;fa8c440a-318a-4ee0-95ce-62e72f39ce21
761f34a1-ddbd-42ba-9bc1-b129c08a9e19,John Harper,2005-08-16,angela01@example.com,808102,783.394.9329x17537,2022-01-14,Vision Impairment,Note Taker,02b27e6a-9e5c-4686-95d7-f5579e9cf65c;27ce4440-99e0-4f99-88ee-ffc89d5f1a32;bfa099e8-21f8-44b2-85c3-cdef8799bb72;7064379b-d81a-4817-b9b8-80a2af909568,9178c376-1945-49f8-8659-cbe1e1ae03e7;47a0493c-aebe-4cf2-87b1-ba83c57cf4ba;ff18968b-7712-4d3b-92a1-8bf91ca98ceb
2c3c345c-4be2-43a3-9b56-6531decc26b7,Alan Morrison,1999-08-03,andreadonaldson@example.org,568070,632.323.0423,2021-08-24,ADHD,Quiet Room,570a0828-5a53-4004-abe2-37580e2d04a7;301d0253-b252-4419-a157-d239569f51b1;734752c3-f4a2-4f84-8740-a036b87562ff;0159e476-dd36-47fd-804a-acb038d5ed87;815bed19-27b7-461a-8bd6-73d0151f9b94,91ba293e-8117-4d06-bd22-2b56a5d4324f
afbc0c4d-339a-4760-87ce-a1e6f0f3dc02,Brandon Lozano,2004-05-05,jacqueline84@example.org,321594,(880)877-4224x512,2023-10-06,,Braille Materials,fcbad0ad-43fe-489d-968d-8f3aa08db56a;a0c0ecc8-16d3-4f31-a76a-2b0547008218,3e0fe3a3-1d2b-4f21-b11e-4d34df71d81f
ebbae051-ee1c-43d3-af51-d9f6da0fff68,Douglas Osborne,1997-04-10,bonnie36@example.org,192524,334-646-9691,2022-04-18,,Braille Materials,89b7aab7-dd15-4088-92cd-1f45646e40d9;77fcfb0e-21e8-4e1d-8e4e-32369e56a500;7eb1829a-3ec2-433e-97f0-a177cd794075;7f9b51cb-6dd2-441d-91bc-34377f9d1c72,b1dba6a3-e988-4eca-b1eb-4daf4b8d4a6e;ffa19b9c-f2e0-4e84-abe1-e62f7087012a
410c6c55-73a9-4ce3-a1b8-a003ca74dfe9,Amy Brown,1998-04-06,thorntonjohn@example.net,624627,(653)638-8562x92387,2021-04-27,,Quiet Room,a2c8e025-15f2-484a-a6a7-d37d31646014;a6b85944-9779-4078-9d54-4b9a02b061ec;aa77edd6-dc93-4c9e-a964-f9e891a62603;117fb76b-1be7-4864-939a-eec6aaa1a2db;bba0a71a-a644-4354-9277-97255d015fc8,ec05d23c-50fe-411b-919f-b12c145a13f9
888932ac-19bc-44f9-a19d-da04c708c460,Phyllis Calhoun,1994-11-18,dylananderson@example.org,506792,699.939.8525x0343,2022-12-01,Vision Impairment,Note Taker,4fe601c2-856a-4fc3-a0f0-d5633e6afaae;96eeb873-3502-4a20-89e2-1f0956ec0b2a,d8512906-0a9c-492c-92f0-cf5f498b962f;855eeb23-3564-4058-8f55-591cb46f80aa
948684df-f9a9-4153-b211-2c07d76cd858,Bobby Day,1995-06-22,jonathan87@example.com,949250,001-407-678-3280,2024-06-28,,Braille Materials,93d8fa3f-2b02-4707-a444-fcd1c7b91f22;75d5ce87-9a33-484a-88f9-7a5b86c09aa2;f7b6085d-00e8-482f-aea8-23aa8366afae;92262d58-d91c-463b-b279-246a554d044e,41ab1c0d-1294-47f6-882f-f52220c40981
cd52d97e-961e-40fb-9eca-50e38d7ab7b7,Jill Glenn,2005-12-10,evanselizabeth@example.org,442613,478-805-9506,2024-01-06,Dyslexia,Quiet Room,b9c8f42e-1f13-4c36-b763-103ae2886d39;41251187-0bde-491b-8bd9-850133361abe;70617c62-4150-4bd4-b4f1-32b92cf631c6;9325e29b-19e3-4730-8d30-f0a03c745b7d;595b37bd-cf6d-439a-9ba0-2f4f7edb0250,acf5844d-f01c-4011-bd0c-055439f7556b;abc9d893-8b24-41ed-9ea4-320d46afb46b
59348628-3daa-4479-a8d8-c2efcaadb1f3,James Lee,1997-05-25,jonesnancy@example.com,275971,9646716635,2020-02-01,ADHD,Braille Materials,ac267afb-8937-4666-9a81-d6ec1ccfa69f;67c9ce04-2d40-4331-8dff-e39507c14985;8eae6d43-7034-4478-91f3-5a07f658a5e1,892c0964-3604-4836-8d69-5c54414cd33e;3ec5f370-ee66-49fb-86b7-1b31adc2d9fc;b0b7582e-fbac-4e1a-beee-d680114c2c5b
0d2d641d-5def-4902-9952-650165e39c2e,Tiffany Williams,1995-03-26,charleswhite@example.com,160402,(396)904-2957x436,2025-02-02,,Note Taker,ee2e8058-f966-4785-8a3d-8f34f6046cda;e5dfa82b-6ac1-4316-bb5b-ea5490a67822,53c2de4f-d60e-4f46-8b09-7e3a11bc343f
e2d91b37-35b4-43ad-a7c9-9511c62a28d3,Mariah Keller,2006-08-03,mario19@example.org,834166,812-895-0418,2022-12-30,ADHD,Braille Materials,125b4796-e8f0-4c85-8c3f-93cc3265584d;88dd4284-d3d6-42b8-a95b-5e22988f883f;4444ffcc-89b2-4a56-ab85-c95e54f0dfe1;0e866924-97dd-4046-b892-05d10731ad51;fbc49085-c27a-4778-a5f7-1aaa863c7e0a,f18d30f2-7af1-4658-b390-8d4905e6cd02
f0ab344f-ce96-414d-b8cf-2933c10fa1a7,James Berg,1998-02-08,hmiller@example.net,231665,614.421.1174x3783,2024-11-03,ADHD,Note Taker,78083368-75b9-4e3d-974c-b127fbc8ff7f,608b3679-0aa0-4eb4-872f-767a02827512;41aa0ded-8f6d-494f-832a-e62d2c271b4f
662fafe8-a1b4-4c90-9618-a86fe254b800,Lauren Burns,1994-09-12,georgehenry@example.org,833910,+1-834-683-4826x3797,2020-10-07,ADHD,Note Taker,9e8c1ba4-9759-490e-8f17-73061c04f017;b686cdd9-00e7-4dcb-b46c-161cb25fac97;e83fb91f-3983-46c0-a7f6-37198ffbf41c;525f1857-b9d6-45f3-b2a6-96e98175c71c;3d5087c4-7c51-4892-b546-b5e09c68f23e,0f67da24-5c53-4dc5-a4b7-ec5e4e1a276e;d948eb44-962f-4590-8409-bcd7f7c8a9ec
f40774d6-dc4f-47ce-acb9-f8e088feb592,Sheila Lewis,1999-01-30,conwaydiane@example.org,166739,3906336404,2024-07-30,Vision Impairment,Quiet Room,5b12b97c-7b5d-4d8e-bec5-dae9316e0976;6e5f5473-3706-45d3-b07e-717e22da7d8a;cfb26faf-e5b3-4d41-80a9-46cfef80eb85;9e93fbbc-4c22-456b-be5a-510f435831b6,a28cebc9-2e32-4f55-b862-757ba0cafe96;b55e6b33-7ec6-40de-b16f-94c6c1a3c333;3d57a869-49a0-4064-ad80-79189066f6e3
ade42fbe-53a0-413e-9385-ce6012536ec3,Victoria Espinoza,1997-08-04,kevindavis@example.com,646734,+1-661-674-9051,2020-03-06,ADHD,Extended Time,d06cf316-c10c-45dd-bfdb-b187ea0e8ab6;3d9e5fbd-47d4-4825-8f71-68c9ba7bfc04;da4a9952-8e47-44a1-9766-566a34105854;1ba25de1-19d2-40eb-836b-16b9a48aff4f;8689206c-3900-41f0-9c33-2bfad8efea5a,320de82e-fc0f-4f19-af4e-4771ee2ab7b4;73650d59-1605-4ea0-bbed-2c6f8ca836ff
4fa04ddf-027c-4294-b2dd-3d48ebf54ee7,Jared Newman,2003-05-21,josegarcia@example.org,226114,001-526-529-4737x12949,2022-12-02,ADHD,Quiet Room,aa45e50e-6855-4f6e-abd8-dce1629f881a;12dcd531-0e2d-4fe9-92be-617f0d5f29a4;7ceac5ed-1d2e-4b69-8349-8650beb7f746;15c028e4-dcb3-4e39-949d-3ac2de940abd,6efa9a6d-d45f-466c-88d4-ee11575d6937;ddda056a-5f97-4dfb-96bf-ecce57c0c3be
199402f3-cebb-4922-8088-74fe29179255,Samantha Cameron,1994-08-21,william94@example.net,679670,242-915-5023,2020-03-19,ADHD,Quiet Room,eb23fb84-d504-4442-b544-ef83f0bd86a9;3923a610-9bb7-4f26-9cde-22118abddbfe;52ac3200-91bb-4778-93fe-9148b0d1bcfe,424b6468-5da1-40fe-b277-a7110fa04205;8f6cbf2a-60de-457a-91ad-c469081b86b3;9bb95be0-9317-48ab-a587-c0d5dba185d1
a8b8beb0-13da-4277-a6d2-933b682dfc32,Mrs. Lauren Nelson,2004-09-03,deanruth@example.com,514573,442.733.6483x66739,2024-06-14,Vision Impairment,Braille Materials,bae57e80-b8ef-420e-9216-044ee2f3b419,88e3d492-aaca-4e91-8ac5-03f4c80b7220;4e6bea06-65ba-4431-a707-7fc26980198e;9cc85dbd-8041-4378-935c-3cbde9695e86
1179cdbd-b26b-43cf-9360-33653c3fd170,Jasmine Benson,2006-04-29,stevenmiller@example.org,390637,780-979-9396x3948,2020-03-01,,Extended Time,9fb89793-6c3b-4b0d-80e6-4945d1951d9b;c580c7d8-997e-481a-b912-9cdcc114b68b;ea06ac10-a531-448f-a710-ab57e68ebde8,3003ba47-4bff-478e-a7f7-67d5747d5292;40da61a5-66c2-4c7e-bec9-b069ba1429d0;4cf815eb-5674-4dd6-a760-1018d3df7dd3
f8195340-f1e1-4c92-a22f-0e2452688bcd,Michael Huber,2001-09-27,lindacole@example.com,932973,878.353.9805x390,2020-03-15,Vision Impairment,Note Taker,2324011e-51dc-412c-a5fa-831df91f89a4;7d7a1a4a-4880-4223-bd5d-78d5415701ee;addf89d9-4a88-4ab5-9655-645d7d340dbd;8c9eba64-6fd3-4235-8e6c-22b5b6642fcd,7305eeaf-fd8a-48ec-b10b-f1bf58fde490;fa514979-479b-4964-9ce3-703c501709e5
1196c024-6057-46f3-aacf-249d2dbbf4b2,Nicholas Thompson,2002-07-20,sparrish@example.net,792066,4727701269,2024-02-08,Hearing Impairment,Note Taker,b526b8c5-c4ed-4fa1-834e-c1ec287f652f,2395680c-2c6a-49c9-99bf-934cc6f2e2d2
16cda6e7-1699-4c67-aed6-2e666c1591cf,Erik Mason,1995-07-25,jasmine93@example.com,255660,710.835.2931,2025-01-05,Dyslexia,Note Taker,697fe4fc-035c-47c6-8ef4-dd8721ee3f57;8bd83d3a-53f6-4396-94a1-29c881880e44;8a076dc2-40e1-4120-997a-19f0527d4d8b;29c21fce-7c05-4858-8560-0cb993a1d9c8,88b4a6c0-0552-483a-97e6-d523f6037beb;af3a7b64-ad01-47cf-82ce-e1427fdb7465
e418be3c-92a1-467e-a9d0-7c4f8f74cb2d,Angela Nielsen MD,2006-05-12,xcisneros@example.net,914820,573-919-7308x89753,2020-10-19,Hearing Impairment,Extended Time,c078295c-6102-4f3d-ab74-43782c03605a;bf534ee3-e9e2-4eeb-a32f-537ec4092688;28dbfe3b-864f-45ed-9a44-2ee332c4529e;3cbafdc6-568b-4984-859b-a75ed59593c8,d3982d0d-8834-4367-b5fa-36d438fb7c2c;36ad6b4c-eff0-4b2d-9def-50b7d2aa012f
42465675-3669-4980-9553-453889f56d4d,Katherine Taylor,2000-08-11,houstonrachel@example.com,308409,(451)848-7912,2023-09-25,,Quiet Room,62995f85-bc93-4592-bcfd-85138339af29;746ec3f1-1cbc-4ce2-b759-3d28d0e724f7,ad5a6565-dfc5-4b8c-934c-0f449b5c960c;29a93875-498e-46e7-b1a5-6fe2347c9a28
6fecfa1e-87e6-4042-bb51-dfa099ef99db,Darrell Hawkins,2000-04-10,edwinshaw@example.net,125749,001-444-716-5132,2025-01-25,Vision Impairment,Extended Time,7ff96b21-ebd7-4e5e-8c76-c7df72338db4;20cd8c54-2769-4014-989b-21c1196cf99d;5e2fd7e6-ec86-4153-8d65-3b3b5b078dbb;92e9c444-a54c-4d5c-b231-787cd1fb3c60,12dd2990-508c-4b4c-9d9f-fa0ab848beb6;5897bdd2-aa23-42ac-9311-47c0a3c15285;70eeca32-723c-4059-a2be-984d0b6f934d
84cee49d-87d8-4a7f-88af-070251b475ee,Patty Wright,1997-09-15,megan14@example.com,774489,566.744.3096,2024-06-03,,Note Taker,75cd46df-7ffd-404b-9006-833e763b24d7;8ab658a6-c7cf-4766-8c14-c66978c442f6,bfc3a6f9-3ccc-4aad-99f0-8ac784a8c61d;59d01fb7-7b48-4930-8069-dfebe20c4913;66b7ea7e-74b6-41ac-9029-67878e1e9299
2f601a68-ab4c-41c9-a1df-db11d63fcc92,Lauren Ford,2005-07-16,vspencer@example.com,872633,+1-492-991-0557x6140,2020-02-11,Vision Impairment,Note Taker,4fbdda90-8657-493e-be6f-ff544df9cd64;5e500799-2ab6-4399-bff3-60bc205fe044;8ba6ffe9-272e-4518-9feb-5f45c02c1e8a;7fd1d1c3-687c-48ff-8aae-622befe41a23,0d16d3db-9b6f-42c6-88b5-ae91fc1deb21;b8323242-5e41-4872-a092-19b49b578830
e9d5f984-1eaf-42bb-9aab-f75c7004a901,Valerie Martin,2004-07-15,hmitchell@example.org,841270,402-410-6934,2022-07-20,Dyslexia,Braille Materials,b5a67135-f2cf-42db-8b60-e96c738d88dc;06431c23-d0b3-4d0c-90a9-f07a0dfaa5b7;7aa32368-f312-4026-9fdf-959dae12347e;01ec3a58-c88a-4788-9380-b3452a42207d,d0b3007c-3f03-4b86-b57f-530680d1368d;4d745125-dc05-4e58-bae7-9eded9430a84;766eb26d-ac31-4c6b-99f5-0f04d2d39b06
72ba0e23-d0df-4da0-89f6-7004b1455a73,Tina Mills,1997-03-12,savannahellis@example.net,236249,459-655-1123,2022-08-31,Hearing Impairment,Quiet Room,be94c12d-502d-4ba9-b9ae-61e5f914e68a;ec4db295-4b84-4cee-a2ab-af034f4901a4;fd787f38-13b6-41e4-8cde-5a28dc3c97cf;fc1722bc-2127-445f-a13d-8cf63546e746,a3cc0268-51a5-496c-be16-2c4e566385c1;2ea906c1-f66e-4668-a868-2e19cbe756ff
2d77905d-e7e7-4393-a7af-2d5bdedc5773,Benjamin Thompson,2006-05-11,nancy23@example.net,350843,+1-975-539-9276,2021-12-03,Dyslexia,Quiet Room,a8a9d170-8925-40b3-a479-7d64298a942c;2c102843-537e-42c1-aeab-fb9686da7e88,ac17123d-e731-4f27-a670-f3f34c4b02cf;14c03b5e-85e7-4775-a36d-0a25fdce0872
c1f4c416-c15a-448e-9523-f8745d0cfebb,Cody Terrell,2002-07-16,jeffreysmith@example.com,370755,+1-209-733-5950,2022-01-20,Dyslexia,Extended Time,29e799a5-656d-42e0-881c-38da1efdc6c7,89dee986-0115-4c3f-90d0-54c68c84820c;ada88b7b-9071-40f9-b8f6-4dd1a2a52138
7efb8be7-f47b-4d75-b867-f58452a6e3d6,Jacob Baker,1995-09-29,christopher46@example.net,883008,381-861-7244,2023-08-23,Dyslexia,Extended Time,954ea708-5ce8-4eca-b681-9e462375698e;c760050c-599f-4261-ae06-ccaf074f12f8;46ba05b5-5ecf-46cb-91c6-f47b1c468154;bbd4beda-2115-4a1c-b966-16f523a99bc2,28a1b2ba-2f7f-498d-a04d-66353c3fee13;525b18ae-a4fa-47a0-a34a-edbc254066b3
059661fd-48f7-473e-ac88-d4595d1c3fa9,Gregory Gray,2003-03-28,matthewwilson@example.net,471669,(613)578-5439x197,2021-05-03,Vision Impairment,Quiet Room,2fe83440-b0fd-42e0-8eb6-b94ad22e6a11;f520cee8-fdbb-4d5c-ae51-77ed019d8fe0;2feeeb7c-6469-48f6-9244-ee74a4114134;18b9a147-ac5d-477e-9e8e-aeebe397b6b1,1424445b-c167-4106-84f0-1e2374382791;a2b6c188-01c1-4063-bda3-8fbeb296462b;36ed7758-13bb-4b65-be5e-ff79b50a7b00
3c83c8af-755d-4993-97a6-12d8838faa57,Vanessa Williams,2005-03-01,smithmatthew@example.org,230920,263-569-3392x111,2023-12-23,ADHD,Quiet Room,376cda72-7c63-4b85-b7f8-9f83747cc0f5,fff70199-830f-4633-ae0f-4c2c66c0e093
5f86f38d-04bf-4d54-ac0f-00b56fcdc135,David Davidson,1999-05-09,brenda84@example.com,101622,+1-655-753-9588x8457,2020-09-03,ADHD,Braille Materials,143ca01e-bc15-4cc4-8379-5823947257fc,4082e3f6-20fb-4e81-9c3f-e674a1db8237;c6e2514d-585b-4961-b52c-51dd67fa8354;543dac3d-8481-4b11-beeb-3f36f1a4a723
4a50e663-c7f5-4aa9-bce7-52efb7112722,Natasha Buckley,2003-11-13,brodgers@example.com,579315,(794)546-6945x3241,2021-01-25,Dyslexia,Extended Time,2bfd6cb3-b882-4c8e-8875-05a00fdbe826;295967fd-2212-4964-8fac-2d62c4bfcd6d;90f97ac0-cc4e-444c-ac22-8d4b72bb8903,03a83a1d-2f20-4668-834f-7f6125b6c432
6cea772e-6ff8-4bd6-8dfb-c4d194d652db,Eric Perry,1997-07-19,davidwilson@example.org,546742,001-714-910-8431x364,2024-01-04,,Braille Materials,9226ab46-9392-47da-ade2-4860aa6851da;9653c726-ae83-40a8-a618-cc35b4342120;c308a54b-d514-48a3-91e0-376433efa400,be9e7796-15c7-4b83-9f3a-c4916817b8c2
4e14ce6e-4dee-4c16-b4f7-9f2a01860f86,Rebecca Stephens,1994-07-22,raymondbates@example.com,206013,(706)856-5816x64180,2021-10-20,ADHD,Quiet Room,a8bb0f0a-ae3b-48c8-b431-e53a17c66f17;c8b726be-b4b2-4c5d-9c98-0da7b2b1df49;1cb33043-a36e-4b98-a6a7-9e47ba2b7ee7;a57d8089-9fea-4e3c-b04d-8f23bd4f5fd7,cc292af4-b292-4be1-8ae2-3dbff5acb5de;3bf9dbb1-7bac-4e88-8de1-f9082fabe9da
